title;price;description;shop;img;category;shop_address;shop_img;shop_phone;shop_mail;shop_site
Бассейн каркас 259*170*61см 2300л метал карк 56403BW Спорт;8 199 ;Бассейн каркас 259*170*61см 2300л метал карк 56403BW Спорт;«Центр выгодных покупок»;http://bazarpnz.ru//logos_vitrina/bazar/661.png?38346;Бассейны;г. Пенза, ул. Собинова, 3б;http://bazarpnz.ru//logos_vitrina/bazar/661.png?38346;(8412) 29-44-66;mailto:magazin@cvp-58.ru?subject=cvp.i58.ru;http://cvp-58.ru
Бассейн каркас 305*76см 4678л метал каркас 56406 BW Спорт;9 999 ;Бассейн каркас 305*76см 4678л метал каркас 56406 BW Спорт;«Центр выгодных покупок»;http://bazarpnz.ru//logos_vitrina/bazar/661.png?38346;Бассейны;г. Пенза, ул. Собинова, 3б;http://bazarpnz.ru//logos_vitrina/bazar/661.png?38346;(8412) 29-44-66;mailto:magazin@cvp-58.ru?subject=cvp.i58.ru;http://cvp-58.ru
Бассейн каркас 360*76см 6125л метал каркас PU091503 Спорт;10 599 ;Бассейн каркас 360*76см 6125л метал каркас PU091503 Спорт;«Центр выгодных покупок»;http://bazarpnz.ru//logos_vitrina/bazar/661.png?38346;Бассейны;г. Пенза, ул. Собинова, 3б;http://bazarpnz.ru//logos_vitrina/bazar/661.png?38346;(8412) 29-44-66;mailto:magazin@cvp-58.ru?subject=cvp.i58.ru;http://cvp-58.ru
Бассейн каркас.прямоуг 450х220х84см 58982/28273;15 999 ;Бассейн каркас.прямоуг 450х220х84см 58982/28273;«Центр выгодных покупок»;http://bazarpnz.ru//logos_vitrina/bazar/661.png?38346;Бассейны;г. Пенза, ул. Собинова, 3б;http://bazarpnz.ru//logos_vitrina/bazar/661.png?38346;(8412) 29-44-66;mailto:magazin@cvp-58.ru?subject=cvp.i58.ru;http://cvp-58.ru
Тент для бассейнов, PVC, 396х185см, 58232;1 499 ;Тент для бассейнов, PVC, 396х185см, 58232;«Центр выгодных покупок»;http://bazarpnz.ru//logos_vitrina/bazar/661.png?38346;Бассейны;г. Пенза, ул. Собинова, 3б;http://bazarpnz.ru//logos_vitrina/bazar/661.png?38346;(8412) 29-44-66;mailto:magazin@cvp-58.ru?subject=cvp.i58.ru;http://cvp-58.ru
Бассейн каркас+фильтр-насос 368*76см 6503л сливной клапан 28212NPСпорт;12 999 ;Бассейн каркас+фильтр-насос 368*76см 6503л сливной клапан 28212NPСпорт;«Центр выгодных покупок»;http://bazarpnz.ru//logos_vitrina/bazar/661.png?38346;Бассейны;г. Пенза, ул. Собинова, 3б;http://bazarpnz.ru//logos_vitrina/bazar/661.png?38346;(8412) 29-44-66;mailto:magazin@cvp-58.ru?subject=cvp.i58.ru;http://cvp-58.ru
Бассейн Изи Сет 244*61см intex 28106NP;2 699 ;Бассейн Изи Сет 244*61см intex 28106NP;«Центр выгодных покупок»;http://bazarpnz.ru//logos_vitrina/bazar/661.png?38346;Бассейны;г. Пенза, ул. Собинова, 3б;http://bazarpnz.ru//logos_vitrina/bazar/661.png?38346;(8412) 29-44-66;mailto:magazin@cvp-58.ru?subject=cvp.i58.ru;http://cvp-58.ru
Лодка Seahawk 2 Set (200кг) 3 камеры, пласт.весла, насос, 236х114х41см 68347;5 899 ;Лодка Seahawk 2 Set (200кг) 3 камеры, пласт.весла, насос, 236х114х41см 68347;«Центр выгодных покупок»;http://bazarpnz.ru//logos_vitrina/bazar/661.png?38346;Бассейны;г. Пенза, ул. Собинова, 3б;http://bazarpnz.ru//logos_vitrina/bazar/661.png?38346;(8412) 29-44-66;mailto:magazin@cvp-58.ru?subject=cvp.i58.ru;http://cvp-58.ru
Бассейн каркасный Steel Pro, 221х150х43см, 1200л, 56401 BESTWAY;6 999 ;Бассейн каркасный Steel Pro, 221х150х43см, 1200л, 56401 BESTWAY;«Центр выгодных покупок»;http://bazarpnz.ru//logos_vitrina/bazar/661.png?38346;Бассейны;г. Пенза, ул. Собинова, 3б;http://bazarpnz.ru//logos_vitrina/bazar/661.png?38346;(8412) 29-44-66;mailto:magazin@cvp-58.ru?subject=cvp.i58.ru;http://cvp-58.ru
Бассейн каркасный, ПВХ, 427х84см, 10220л, с фильтр-насосом, 56595;17 999 ;Бассейн каркасный, ПВХ, 427х84см, 10220л, с фильтр-насосом, 56595.;«Центр выгодных покупок»;http://bazarpnz.ru//logos_vitrina/bazar/661.png?38346;Бассейны;г. Пенза, ул. Собинова, 3б;http://bazarpnz.ru//logos_vitrina/bazar/661.png?38346;(8412) 29-44-66;mailto:magazin@cvp-58.ru?subject=cvp.i58.ru;http://cvp-58.ru
Бассейн надувной Easy Set 305х76см 3853л 28120;3 499 ;Бассейн надувной Easy Set 305х76см 3853л 28120.;«Центр выгодных покупок»;http://bazarpnz.ru//logos_vitrina/bazar/661.png?38346;Бассейны;г. Пенза, ул. Собинова, 3б;http://bazarpnz.ru//logos_vitrina/bazar/661.png?38346;(8412) 29-44-66;mailto:magazin@cvp-58.ru?subject=cvp.i58.ru;http://cvp-58.ru
Кровать надувная Classic downy (Fiber tech) Квин, руч.насос, 2 подушки,1,52х2,03;2 199 ;Кровать надувная Classic downy (Fiber tech) Квин, руч.насос, 2 подушки, 1, 52х2, 03м x 25см, 64765;«Центр выгодных покупок»;http://bazarpnz.ru//logos_vitrina/bazar/661.png?38346;Бассейны;г. Пенза, ул. Собинова, 3б;http://bazarpnz.ru//logos_vitrina/bazar/661.png?38346;(8412) 29-44-66;mailto:magazin@cvp-58.ru?subject=cvp.i58.ru;http://cvp-58.ru
Бассейн детский Цветок, надувное дно, от 6 лет 185*180*53см Intex 56495;2 499 ;Бассейн детский Цветок, надувное дно, от 6 лет 185*180*53см Intex 56495;«Центр выгодных покупок»;http://bazarpnz.ru//logos_vitrina/bazar/661.png?38346;Бассейны;г. Пенза, ул. Собинова, 3б;http://bazarpnz.ru//logos_vitrina/bazar/661.png?38346;(8412) 29-44-66;mailto:magazin@cvp-58.ru?subject=cvp.i58.ru;http://cvp-58.ru
Бассейн каркасный, 457х122см, 16015л, полный комплект, 56438;28 999 ;Бассейн каркасный, 457х122см, 16015л, полный комплект, 56438.;«Центр выгодных покупок»;http://bazarpnz.ru//logos_vitrina/bazar/661.png?38346;Бассейны;г. Пенза, ул. Собинова, 3б;http://bazarpnz.ru//logos_vitrina/bazar/661.png?38346;(8412) 29-44-66;mailto:magazin@cvp-58.ru?subject=cvp.i58.ru;http://cvp-58.ru
Бассейн надувной Радуга 68л 86х25см надувное дно, рем комплект от 1 до 3 лет 589;499 ;Бассейн надувной Радуга 68л 86х25см надувное дно, рем комплект от 1 до 3 лет 58924;«Центр выгодных покупок»;http://bazarpnz.ru//logos_vitrina/bazar/661.png?38346;Бассейны;г. Пенза, ул. Собинова, 3б;http://bazarpnz.ru//logos_vitrina/bazar/661.png?38346;(8412) 29-44-66;mailto:magazin@cvp-58.ru?subject=cvp.i58.ru;http://cvp-58.ru
Бассейн каркасный My First Frame прямоугольный 122х122х30.5см (56217)810-114;2 229 ;Бассейн каркасный My First Frame прямоугольный 122х122х30.5см (56217)810-114;«Центр выгодных покупок»;http://bazarpnz.ru//logos_vitrina/bazar/661.png?38346;Бассейны;г. Пенза, ул. Собинова, 3б;http://bazarpnz.ru//logos_vitrina/bazar/661.png?38346;(8412) 29-44-66;mailto:magazin@cvp-58.ru?subject=cvp.i58.ru;http://cvp-58.ru
Щетка для стенок бассейна, 25,4см, 29052;348 ;Щетка для стенок бассейна, 25, 4см, 29052;«Центр выгодных покупок»;http://bazarpnz.ru//logos_vitrina/bazar/661.png?38346;Бассейны;г. Пенза, ул. Собинова, 3б;http://bazarpnz.ru//logos_vitrina/bazar/661.png?38346;(8412) 29-44-66;mailto:magazin@cvp-58.ru?subject=cvp.i58.ru;http://cvp-58.ru
Лодка надувная, без весел, ПВХ, 184х91см, 61100;1 299 ;Лодка надувная, без весел, ПВХ, 184х91см, 61100;«Центр выгодных покупок»;http://bazarpnz.ru//logos_vitrina/bazar/661.png?38346;Бассейны;г. Пенза, ул. Собинова, 3б;http://bazarpnz.ru//logos_vitrina/bazar/661.png?38346;(8412) 29-44-66;mailto:magazin@cvp-58.ru?subject=cvp.i58.ru;http://cvp-58.ru
Бассейн детский Аквариум,надувное дно, от 6лет 152*56см;2 199 ;Бассейн детский Аквариум, надувное дно, от 6лет 152*56см;«Центр выгодных покупок»;http://bazarpnz.ru//logos_vitrina/bazar/661.png?38346;Бассейны;г. Пенза, ул. Собинова, 3б;http://bazarpnz.ru//logos_vitrina/bazar/661.png?38346;(8412) 29-44-66;mailto:magazin@cvp-58.ru?subject=cvp.i58.ru;http://cvp-58.ru
Подложка для бассейнов, полиэтилен, 274х274см, 58000;799 ;Подложка для бассейнов, полиэтилен, 274х274см, 58000;«Центр выгодных покупок»;http://bazarpnz.ru//logos_vitrina/bazar/661.png?38346;Бассейны;г. Пенза, ул. Собинова, 3б;http://bazarpnz.ru//logos_vitrina/bazar/661.png?38346;(8412) 29-44-66;mailto:magazin@cvp-58.ru?subject=cvp.i58.ru;http://cvp-58.ru
Кровать надувная с подголовником, ФУЛ,1,37м x 1,91м x 25см,64142;1 999 ;Кровать надувная с подголовником, ФУЛ, 1, 37м x 1, 91м x 25см, 64142;«Центр выгодных покупок»;http://bazarpnz.ru//logos_vitrina/bazar/661.png?38346;Бассейны;г. Пенза, ул. Собинова, 3б;http://bazarpnz.ru//logos_vitrina/bazar/661.png?38346;(8412) 29-44-66;mailto:magazin@cvp-58.ru?subject=cvp.i58.ru;http://cvp-58.ru
Кровать надувная Classic downy (Fiber tech) Квин, 1,52м x 2,03м x 25см, 64759;1 999 ;Кровать надувная Classic downy (Fiber tech) Квин, 1, 52м x 2, 03м x 25см, 64759;«Центр выгодных покупок»;http://bazarpnz.ru//logos_vitrina/bazar/661.png?38346;Бассейны;г. Пенза, ул. Собинова, 3б;http://bazarpnz.ru//logos_vitrina/bazar/661.png?38346;(8412) 29-44-66;mailto:magazin@cvp-58.ru?subject=cvp.i58.ru;http://cvp-58.ru
Кровать надувная DOWNY BED, (fiber-tech) встроенный ножной насос, 152х203х25см;2 199 ;Кровать надувная DOWNY BED, (fiber-tech) встроенный ножной насос, 152х203х25см, ПВХ, 64763;«Центр выгодных покупок»;http://bazarpnz.ru//logos_vitrina/bazar/661.png?38346;Бассейны;г. Пенза, ул. Собинова, 3б;http://bazarpnz.ru//logos_vitrina/bazar/661.png?38346;(8412) 29-44-66;mailto:magazin@cvp-58.ru?subject=cvp.i58.ru;http://cvp-58.ru
Бассейн каркасный, ПВХ, 300х201х66см, 3300л, 56404;1 599 ;Кровать надувная DOWNY BED, (fiber-tech), встроенный ножной насос, 99х191х25см, ПВХ, 64761;«Центр выгодных покупок»;http://bazarpnz.ru//logos_vitrina/bazar/661.png?38346;Бассейны;г. Пенза, ул. Собинова, 3б;http://bazarpnz.ru//logos_vitrina/bazar/661.png?38346;(8412) 29-44-66;mailto:magazin@cvp-58.ru?subject=cvp.i58.ru;http://cvp-58.ru
Бассейн семейный Лагуна от 3-х лет. 262*160*46см;2 490 ;Бассейн семейный Лагуна от 3-х лет. 262*160*46см;«Центр выгодных покупок»;http://bazarpnz.ru//logos_vitrina/bazar/661.png?38346;Бассейны;г. Пенза, ул. Собинова, 3б;http://bazarpnz.ru//logos_vitrina/bazar/661.png?38346;(8412) 29-44-66;mailto:magazin@cvp-58.ru?subject=cvp.i58.ru;http://cvp-58.ru
Кровать надувная Single 185х76х22см 1 местн. 67000N;1 079 ;Кровать надувная Single 185х76х22см 1 местн. 67000N;«Центр выгодных покупок»;http://bazarpnz.ru//logos_vitrina/bazar/661.png?38346;Бассейны;г. Пенза, ул. Собинова, 3б;http://bazarpnz.ru//logos_vitrina/bazar/661.png?38346;(8412) 29-44-66;mailto:magazin@cvp-58.ru?subject=cvp.i58.ru;http://cvp-58.ru
Рукоятка телескопическая алюминиевая, 239см (для 28002), 29054;399 ;Рукоятка телескопическая алюминиевая, 239см (для 28002), 29054;«Центр выгодных покупок»;http://bazarpnz.ru//logos_vitrina/bazar/661.png?38346;Бассейны;г. Пенза, ул. Собинова, 3б;http://bazarpnz.ru//logos_vitrina/bazar/661.png?38346;(8412) 29-44-66;mailto:magazin@cvp-58.ru?subject=cvp.i58.ru;http://cvp-58.ru
Кровать надувная Classic downy (Fiber tech) Сот, 76см x 1,91м x 25см, 64756;999 ;Кровать надувная Classic downy (Fiber tech) Сот, 76см x 1, 91м x 25см, 64756;«Центр выгодных покупок»;http://bazarpnz.ru//logos_vitrina/bazar/661.png?38346;Бассейны;г. Пенза, ул. Собинова, 3б;http://bazarpnz.ru//logos_vitrina/bazar/661.png?38346;(8412) 29-44-66;mailto:magazin@cvp-58.ru?subject=cvp.i58.ru;http://cvp-58.ru
Бассейн детский с надувн.крышей Грибок, 102х89см, надувное дно, заплатка, для 1;999 ;Бассейн детский с надувн.крышей Грибок, 102х89см, надувное дно, заплатка, для 1-3 лет, 57114;«Центр выгодных покупок»;http://bazarpnz.ru//logos_vitrina/bazar/661.png?38346;Бассейны;г. Пенза, ул. Собинова, 3б;http://bazarpnz.ru//logos_vitrina/bazar/661.png?38346;(8412) 29-44-66;mailto:magazin@cvp-58.ru?subject=cvp.i58.ru;http://cvp-58.ru
Бассейн детский, 70х24см, 51128;399 ;Бассейн детский, 70х24см, 51128;«Центр выгодных покупок»;http://bazarpnz.ru//logos_vitrina/bazar/661.png?38346;Бассейны;г. Пенза, ул. Собинова, 3б;http://bazarpnz.ru//logos_vitrina/bazar/661.png?38346;(8412) 29-44-66;mailto:magazin@cvp-58.ru?subject=cvp.i58.ru;http://cvp-58.ru
Бассейн надувной Easy Set 305х76см 3853л 28120;4 799 ;Бассейн надувной Easy Set 305х76см 3853л 28120;«Центр выгодных покупок»;http://bazarpnz.ru//logos_vitrina/bazar/661.png?38346;Бассейны;г. Пенза, ул. Собинова, 3б;http://bazarpnz.ru//logos_vitrina/bazar/661.png?38346;(8412) 29-44-66;mailto:magazin@cvp-58.ru?subject=cvp.i58.ru;http://cvp-58.ru
Фильтр-насос с картриджами 1500 галлонов(220-240 вольт), 1500 гал/час, 28636;6 509 ;Фильтр-насос с картриджами 1500 галлонов(220-240 вольт), 1500 гал/час, 28636;«Центр выгодных покупок»;http://bazarpnz.ru//logos_vitrina/bazar/661.png?38346;Бассейны;г. Пенза, ул. Собинова, 3б;http://bazarpnz.ru//logos_vitrina/bazar/661.png?38346;(8412) 29-44-66;mailto:magazin@cvp-58.ru?subject=cvp.i58.ru;http://cvp-58.ru
Бассейн каркас+фильтр-насос 360*76см 6125л PU091504 Спорт;14 199 ;Бассейн каркас+фильтр-насос 360*76см 6125л PU091504 Спорт;«Центр выгодных покупок»;http://bazarpnz.ru//logos_vitrina/bazar/661.png?38346;Бассейны;г. Пенза, ул. Собинова, 3б;http://bazarpnz.ru//logos_vitrina/bazar/661.png?38346;(8412) 29-44-66;mailto:magazin@cvp-58.ru?subject=cvp.i58.ru;http://cvp-58.ru
Бассейн каркасный, ПВХ, 300х201х66см, 3300л, 56404;10 499 ;Бассейн каркасный, ПВХ, 300х201х66см, 3300л, 56404;«Центр выгодных покупок»;http://bazarpnz.ru//logos_vitrina/bazar/661.png?38346;Бассейны;г. Пенза, ул. Собинова, 3б;http://bazarpnz.ru//logos_vitrina/bazar/661.png?38346;(8412) 29-44-66;mailto:magazin@cvp-58.ru?subject=cvp.i58.ru;http://cvp-58.ru
Бассейн каркас+фильтр-насос 360*76см 6125л PU091504 Спорт;14 199 ;Бассейн каркас+фильтр-насос 360*76см 6125л PU091504 Спорт;«Центр выгодных покупок»;http://bazarpnz.ru//logos_vitrina/bazar/661.png?38346;Бассейны;г. Пенза, ул. Собинова, 3б;http://bazarpnz.ru//logos_vitrina/bazar/661.png?38346;(8412) 29-44-66;mailto:magazin@cvp-58.ru?subject=cvp.i58.ru;http://cvp-58.ru
Подложка для бассейнов, полиэтилен, 396х396см, 58002;1 399 ;Подложка для бассейнов, полиэтилен, 396х396см, 58002;«Центр выгодных покупок»;http://bazarpnz.ru//logos_vitrina/bazar/661.png?38346;Бассейны;г. Пенза, ул. Собинова, 3б;http://bazarpnz.ru//logos_vitrina/bazar/661.png?38346;(8412) 29-44-66;mailto:magazin@cvp-58.ru?subject=cvp.i58.ru;http://cvp-58.ru
Бассейн каркасный, 366х122см, 10250л, фильтр-насос 58148, тент, лестница, 56420;29 999 ;Бассейн каркасный, 366х122см, 10250л, фильтр-насос 58148, тент, лестница, 56420;«Центр выгодных покупок»;http://bazarpnz.ru//logos_vitrina/bazar/661.png?38346;Бассейны;г. Пенза, ул. Собинова, 3б;http://bazarpnz.ru//logos_vitrina/bazar/661.png?38346;(8412) 29-44-66;mailto:magazin@cvp-58.ru?subject=cvp.i58.ru;http://cvp-58.ru
Бассейн каркас 400*211*81см совм с картриджем 580930(1) 220-240В 56424 BW Спорт;19 499 ;Бассейн каркас 400*211*81см совм с картриджем 580930(1) 220-240В 56424 BW Спорт;«Центр выгодных покупок»;http://bazarpnz.ru//logos_vitrina/bazar/661.png?38346;Бассейны;г. Пенза, ул. Собинова, 3б;http://bazarpnz.ru//logos_vitrina/bazar/661.png?38346;(8412) 29-44-66;mailto:magazin@cvp-58.ru?subject=cvp.i58.ru;http://cvp-58.ru
Бассейн надувной Easy Set 305*76см 3853л;4 599 ;Бассейн надувной Easy Set 305*76см 3853л;«Центр выгодных покупок»;http://bazarpnz.ru//logos_vitrina/bazar/661.png?38346;Бассейны;г. Пенза, ул. Собинова, 3б;http://bazarpnz.ru//logos_vitrina/bazar/661.png?38346;(8412) 29-44-66;mailto:magazin@cvp-58.ru?subject=cvp.i58.ru;http://cvp-58.ru
